insert into cliente values (2, 'Los Andes', 'Congreso 3423', 1439, 45553345, 45555534, 1)
insert into cliente values (3, 'Bagual', 'San Martin 3423', 1739, 45543246, 45545549, 1)
insert into cliente values (4, 'Cavada', 'Manuela Pedraza 2123', 1429, 47583345, 47575534, 1)

insert into proveedor values (2, 'Tigre', 'Santa Maria 2290', 1830, 47491595, 47491596)
insert into proveedor values (3, 'Ferrum', 'Espana 496', 1820, 42221500, 42296244)
insert into proveedor values (4, 'Roca', 'Belgrano 2873', 1824, 43655000, 43657622)

insert into producto (idProducto, nombre, descripcion, idProveedor, precioCompra, StockMinimo, tiempoReposicion) values ('TIG01', 'Bidematic - Tigre', 'Bidematic - Tigre', 2, 1, 20, 30)
insert into producto (idProducto, nombre, descripcion, idProveedor, precioCompra,  StockMinimo, tiempoReposicion) values ('TIG05', 'Mochila - Tigre', 'Loza - Tigre', 2, 1, 20, 30)
insert into producto (idProducto, nombre, descripcion, idProveedor, precioCompra,  StockMinimo, tiempoReposicion) values ('TIG06', 'Fuelle - Tigre', 'Fuelle - Tigre', 2, 1, 20, 60)
insert into producto (idProducto, nombre, descripcion, idProveedor, precioCompra,  StockMinimo, tiempoReposicion) values ('TIG07', 'Sobretapa G - Tigre', 'Plastica, agujero grande - Tigre', 2, 1, 20, 45)
insert into producto (idProducto, nombre, descripcion, idProveedor, precioCompra,  StockMinimo, tiempoReposicion) values ('TIG08', 'Sobretapa C - Tigre', 'Plastica, agujero chico - Tigre', 2, 1, 20, 30)
insert into producto (idProducto, nombre, descripcion, idProveedor, precioCompra,  StockMinimo, tiempoReposicion) values ('FE009', 'Bacha C - Ferrum', 'Conica de acero inoxidable - Ferrum', 3, 1, 20, 30)
insert into producto (idProducto, nombre, descripcion, idProveedor, precioCompra,  StockMinimo, tiempoReposicion) values ('FE010', 'Bacha O - Ferrum', 'Oval de acero inoxidable - Ferrum', 3, 1, 20, 60)
insert into producto (idProducto, nombre, descripcion, idProveedor, precioCompra,  StockMinimo, tiempoReposicion) values ('FE040', 'Bacha R - Ferrum', 'Redonda monocomando acero inoxidable - Ferrum', 3, 1, 20, 30)
insert into producto (idProducto, nombre, descripcion, idProveedor, precioCompra,  StockMinimo, tiempoReposicion) values ('FE012', 'Inodoro L - Ferrum', 'Largo - Ferrum', 3, 1, 20, 45)
insert into producto (idProducto, nombre, descripcion, idProveedor, precioCompra,  StockMinimo, tiempoReposicion) values ('FE067', 'Inodoro C - Ferrum', 'Corto - Ferrum', 3, 1, 20, 45)
insert into producto (idProducto, nombre, descripcion, idProveedor, precioCompra,  StockMinimo, tiempoReposicion) values ('ROC033', 'Bidet - Roca', 'BRA 1 - Roca', 4, 1, 20, 15)
insert into producto (idProducto, nombre, descripcion, idProveedor, precioCompra,  StockMinimo, tiempoReposicion) values ('ROC021', 'Tapa Inodoro - Roca', 'TRI - Roca', 4, 1, 20, 15)
insert into producto (idProducto, nombre, descripcion, idProveedor, precioCompra,  StockMinimo, tiempoReposicion) values ('ROC125', 'Tapa Bidet - Roca', 'TRB - Roca', 4, 1, 20, 30)

insert into StockDeposito values ('TIG01', 200)
insert into StockDeposito values ('TIG05', 500)
insert into StockDeposito values ('TIG06', 100)
insert into StockDeposito values ('TIG07', 30)
insert into StockDeposito values ('TIG08', 500)
insert into StockDeposito values ('FE009', 300)
insert into StockDeposito values ('FE010', 200)
insert into StockDeposito values ('FE040', 40)
insert into StockDeposito values ('FE012', 50)
insert into StockDeposito values ('FE067', 500)
insert into StockDeposito values ('ROC033', 800)
insert into StockDeposito values ('ROC021', 450)
insert into StockDeposito values ('ROC125', 673)
